{"cameraMode":{"drawMode":0,"name":"Shaded","section":"Shading Mode"},"sceneLighting":true,"audioPlay":false,"sceneViewState":{"m_AlwaysRefresh":false,"showFog":true,"showSkybox":true,"showFlares":true,"showImageEffects":true,"showParticleSystems":true,"showVisualEffectGraphs":true,"m_FxEnabled":true},"in2DMode":false,"pivot":{"x":3.472935438156128,"y":-0.9082508087158203,"z":0.8573379516601563},"rotation":{"x":-0.0033374857157468797,"y":-0.9894133806228638,"z":0.143466979265213,"w":-0.022858228534460069},"size":15.309091567993164,"orthographic":false}