{"cameraMode":{"drawMode":0,"name":"Shaded","section":"Shading Mode"},"sceneLighting":true,"audioPlay":false,"sceneViewState":{"m_AlwaysRefresh":false,"showFog":true,"showSkybox":true,"showFlares":true,"showImageEffects":true,"showParticleSystems":true,"showVisualEffectGraphs":true,"m_FxEnabled":true},"in2DMode":false,"pivot":{"x":14.541156768798829,"y":3.970367670059204,"z":-4.787924289703369},"rotation":{"x":0.09929543733596802,"y":0.46361202001571658,"z":-0.05237738788127899,"w":0.878899872303009},"size":14.266765594482422,"orthographic":false}